xmic,k9055,n9055,k9505,n9505,k9082,n9082
9.991,0.303,1.935,0.191,1.717,1.653,3.204
9.948,0.283,1.91,0.177,1.701,1.604,3.123
9.905,0.263,1.901,0.161,1.705,1.555,3.084
9.862,0.243,1.89,0.158,1.705,1.502,3.041
9.819,0.223,1.888,0.15,1.704,1.445,3.019
9.776,0.202,1.885,0.143,1.706,1.386,2.995
9.734,0.181,1.89,0.138,1.708,1.321,2.992
9.692,0.163,1.897,0.133,1.711,1.264,2.995
9.65,0.147,1.907,0.131,1.713,1.209,3.006
9.608,0.132,1.918,0.127,1.714,1.153,3.023
9.566,0.122,1.934,0.124,1.718,1.108,3.056
9.525,0.115,1.947,0.122,1.72,1.069,3.083
9.483,0.111,1.962,0.12,1.724,1.034,3.121
9.442,0.109,1.974,0.119,1.726,1.007,3.157
9.401,0.109,1.988,0.119,1.729,0.988,3.2
9.361,0.111,1.999,0.119,1.73,0.975,3.235
9.32,0.115,2.01,0.119,1.733,0.964,3.274
9.28,0.12,2.016,0.12,1.733,0.958,3.308
9.239,0.125,2.024,0.12,1.735,0.956,3.346
9.199,0.13,2.028,0.121,1.734,0.958,3.377
9.159,0.136,2.032,0.121,1.736,0.962,3.412
9.12,0.14,2.033,0.122,1.735,0.968,3.44
9.08,0.144,2.036,0.122,1.736,0.977,3.472
9.041,0.146,2.036,0.122,1.734,0.986,3.498
9.001,0.149,2.038,0.122,1.735,0.999,3.53
8.962,0.152,2.038,0.121,1.733,1.016,3.555
8.924,0.154,2.04,0.121,1.734,1.034,3.582
8.885,0.155,2.04,0.121,1.733,1.054,3.603
8.846,0.157,2.042,0.12,1.733,1.077,3.626
8.808,0.158,2.042,0.119,1.731,1.101,3.642
8.77,0.159,2.044,0.118,1.732,1.126,3.66
8.732,0.16,2.045,0.117,1.731,1.152,3.672
8.694,0.161,2.048,0.116,1.733,1.178,3.686
8.656,0.163,2.049,0.115,1.732,1.208,3.695
8.619,0.166,2.052,0.114,1.733,1.237,3.702
8.581,0.168,2.052,0.114,1.732,1.264,3.703
8.544,0.171,2.054,0.113,1.733,1.291,3.709
8.507,0.174,2.055,0.112,1.732,1.321,3.709
8.47,0.177,2.056,0.11,1.734,1.351,3.707
8.433,0.18,2.055,0.11,1.734,1.378,3.699
8.397,0.183,2.056,0.109,1.735,1.406,3.695
8.36,0.186,2.055,0.108,1.735,1.432,3.682
8.324,0.189,2.056,0.107,1.737,1.456,3.671
8.288,0.192,2.053,0.106,1.738,1.478,3.652
8.252,0.194,2.053,0.106,1.74,1.495,3.636
8.216,0.196,2.051,0.106,1.741,1.509,3.616
8.181,0.197,2.05,0.106,1.743,1.518,3.6
8.145,0.198,2.048,0.106,1.743,1.522,3.581
8.11,0.199,2.048,0.106,1.746,1.523,3.57
8.075,0.2,2.046,0.107,1.746,1.521,3.557
8.04,0.201,2.046,0.107,1.749,1.516,3.554
8.005,0.201,2.045,0.108,1.749,1.51,3.552
7.97,0.202,2.046,0.109,1.751,1.503,3.56
7.935,0.203,2.046,0.111,1.752,1.497,3.572
7.901,0.204,2.047,0.112,1.753,1.496,3.595
7.867,0.206,2.047,0.113,1.753,1.499,3.621
7.833,0.208,2.049,0.115,1.755,1.512,3.658
7.799,0.211,2.048,0.117,1.755,1.536,3.695
7.765,0.214,2.049,0.119,1.756,1.574,3.735
7.731,0.217,2.048,0.121,1.755,1.621,3.766
7.698,0.22,2.048,0.123,1.756,1.68,3.8
7.664,0.223,2.047,0.125,1.755,1.755,3.819
7.631,0.226,2.047,0.127,1.756,1.839,3.827
7.598,0.23,2.044,0.129,1.754,1.927,3.814
7.565,0.233,2.043,0.131,1.754,2.015,3.786
7.532,0.236,2.04,0.133,1.752,2.096,3.738
7.5,0.239,2.039,0.135,1.752,2.167,3.679
7.467,0.242,2.036,0.137,1.75,2.224,3.608
7.435,0.246,2.034,0.138,1.749,2.267,3.535
7.402,0.249,2.03,0.139,1.746,2.296,3.458
7.37,0.253,2.027,0.14,1.745,2.313,3.389
7.338,0.256,2.021,0.141,1.743,2.321,3.321
7.307,0.257,2.017,0.142,1.742,2.324,3.264
7.275,0.259,2.01,0.143,1.739,2.324,3.21
7.243,0.259,2.006,0.143,1.739,2.322,3.164
7.212,0.259,1.999,0.143,1.736,2.32,3.12
7.181,0.258,1.995,0.144,1.736,2.321,3.084
7.149,0.255,1.989,0.143,1.733,2.324,3.045
7.118,0.252,1.986,0.143,1.733,2.329,3.011
7.088,0.248,1.983,0.143,1.731,2.338,2.972
7.057,0.245,1.983,0.143,1.732,2.347,2.932
7.026,0.243,1.981,0.143,1.731,2.355,2.886
6.996,0.241,1.981,0.143,1.732,2.363,2.842
6.965,0.239,1.98,0.143,1.731,2.367,2.788
6.935,0.236,1.98,0.143,1.733,2.365,2.737
6.905,0.234,1.98,0.145,1.733,2.358,2.682
6.875,0.232,1.983,0.147,1.735,2.346,2.63
6.845,0.23,1.985,0.149,1.734,2.326,2.579
6.816,0.23,1.989,0.152,1.735,2.304,2.537
6.786,0.23,1.992,0.155,1.734,2.278,2.497
6.757,0.232,1.998,0.158,1.734,2.253,2.468
6.727,0.236,2.002,0.162,1.732,2.231,2.441
6.698,0.243,2.007,0.166,1.732,2.214,2.42
6.669,0.252,2.008,0.17,1.729,2.201,2.395
6.64,0.26,2.009,0.174,1.727,2.191,2.372
6.611,0.269,2.006,0.178,1.723,2.182,2.343
6.583,0.278,2.002,0.182,1.72,2.171,2.317
6.554,0.286,1.995,0.186,1.715,2.16,2.286
6.526,0.292,1.988,0.189,1.712,2.148,2.259
6.497,0.296,1.979,0.193,1.705,2.134,2.229
6.469,0.299,1.972,0.196,1.701,2.119,2.205
6.441,0.3,1.963,0.199,1.693,2.105,2.181
6.413,0.301,1.957,0.202,1.688,2.094,2.162
6.386,0.3,1.951,0.204,1.679,2.085,2.14
6.358,0.3,1.947,0.205,1.672,2.079,2.121
6.33,0.3,1.943,0.206,1.662,2.077,2.098
6.303,0.301,1.941,0.206,1.654,2.078,2.077
6.275,0.303,1.938,0.205,1.644,2.083,2.048
6.248,0.307,1.936,0.204,1.636,2.091,2.017
6.221,0.311,1.932,0.201,1.626,2.099,1.976
6.194,0.317,1.93,0.197,1.617,2.105,1.932
6.167,0.325,1.925,0.192,1.607,2.108,1.877
6.141,0.335,1.919,0.187,1.6,2.106,1.819
6.114,0.346,1.908,0.181,1.591,2.094,1.753
6.087,0.357,1.896,0.174,1.584,2.073,1.693
6.061,0.367,1.876,0.166,1.575,2.048,1.634
6.035,0.374,1.854,0.157,1.57,2.023,1.581
6.009,0.376,1.827,0.147,1.563,1.999,1.524
5.982,0.373,1.8,0.136,1.559,1.977,1.467
5.957,0.363,1.77,0.125,1.555,1.953,1.4
5.931,0.347,1.745,0.114,1.554,1.926,1.326
5.905,0.327,1.721,0.103,1.552,1.889,1.237
5.879,0.302,1.702,0.092,1.553,1.834,1.14
5.854,0.273,1.688,0.081,1.553,1.75,1.038
5.828,0.243,1.682,0.071,1.558,1.639,0.955
5.803,0.215,1.681,0.061,1.561,1.515,0.889
5.778,0.189,1.684,0.053,1.566,1.378,0.844
5.753,0.164,1.69,0.045,1.57,1.228,0.823
5.728,0.143,1.702,0.038,1.577,1.085,0.836
5.703,0.126,1.714,0.032,1.582,0.953,0.865
5.678,0.113,1.729,0.027,1.59,0.833,0.916
5.654,0.103,1.741,0.023,1.595,0.73,0.975
5.629,0.096,1.754,0.021,1.602,0.644,1.046
5.605,0.09,1.764,0.018,1.607,0.572,1.113
5.581,0.086,1.776,0.017,1.613,0.511,1.185
5.556,0.082,1.784,0.016,1.617,0.46,1.255
5.532,0.08,1.794,0.014,1.623,0.422,1.329
5.508,0.078,1.8,0.014,1.626,0.394,1.394
5.484,0.077,1.809,0.013,1.631,0.374,1.457
5.461,0.076,1.814,0.013,1.633,0.36,1.511
5.437,0.075,1.821,0.013,1.637,0.35,1.564
5.413,0.075,1.825,0.012,1.639,0.342,1.608
5.39,0.074,1.83,0.012,1.643,0.336,1.651
5.367,0.074,1.834,0.012,1.645,0.331,1.688
5.343,0.074,1.839,0.012,1.648,0.327,1.725
5.32,0.074,1.842,0.012,1.65,0.325,1.756
5.297,0.073,1.846,0.012,1.653,0.323,1.788
5.274,0.073,1.848,0.011,1.654,0.321,1.814
5.251,0.073,1.852,0.011,1.657,0.319,1.842
5.228,0.073,1.854,0.011,1.658,0.318,1.864
5.206,0.073,1.857,0.011,1.661,0.317,1.889
5.183,0.073,1.859,0.011,1.662,0.316,1.908
5.161,0.073,1.862,0.011,1.665,0.314,1.931
5.138,0.072,1.863,0.011,1.665,0.313,1.948
5.116,0.072,1.866,0.011,1.668,0.312,1.969
5.094,0.072,1.867,0.011,1.669,0.311,1.985
5.072,0.072,1.87,0.011,1.671,0.309,2.004
5.05,0.072,1.871,0.011,1.672,0.309,2.019
5.028,0.072,1.874,0.011,1.675,0.308,2.037
5.006,0.072,1.875,0.011,1.675,0.308,2.05
4.984,0.071,1.878,0.011,1.678,0.307,2.067
4.963,0.071,1.878,0.011,1.678,0.306,2.079
4.941,0.071,1.881,0.011,1.681,0.306,2.095
4.92,0.071,1.881,0.012,1.682,0.306,2.106
4.898,0.071,1.884,0.012,1.685,0.306,2.121
4.877,0.071,1.885,0.012,1.685,0.305,2.132
4.856,0.071,1.887,0.013,1.688,0.305,2.146
4.835,0.071,1.888,0.014,1.69,0.305,2.156
4.814,0.071,1.89,0.015,1.693,0.305,2.17
4.793,0.071,1.891,0.017,1.693,0.305,2.179
4.772,0.071,1.893,0.019,1.695,0.306,2.193
4.752,0.072,1.894,0.021,1.695,0.307,2.203
4.731,0.073,1.897,0.023,1.696,0.308,2.216
4.71,0.074,1.898,0.026,1.695,0.311,2.226
4.69,0.076,1.899,0.028,1.695,0.315,2.239
4.67,0.078,1.899,0.029,1.692,0.32,2.247
4.649,0.08,1.9,0.03,1.692,0.327,2.256
4.629,0.081,1.898,0.031,1.689,0.334,2.259
4.609,0.082,1.897,0.031,1.689,0.34,2.261
4.589,0.081,1.894,0.031,1.686,0.342,2.258
4.569,0.08,1.893,0.03,1.685,0.34,2.258
4.55,0.078,1.891,0.028,1.683,0.334,2.256
4.53,0.076,1.892,0.027,1.683,0.327,2.261
4.51,0.074,1.892,0.025,1.681,0.319,2.265
4.491,0.073,1.895,0.023,1.682,0.313,2.276
4.471,0.072,1.895,0.021,1.681,0.309,2.285
4.452,0.072,1.897,0.018,1.683,0.308,2.296
4.432,0.071,1.897,0.017,1.684,0.307,2.303
4.413,0.071,1.899,0.016,1.686,0.307,2.314
4.394,0.07,1.899,0.015,1.687,0.307,2.319
4.375,0.07,1.901,0.015,1.689,0.307,2.329
4.356,0.069,1.901,0.014,1.689,0.307,2.334
4.337,0.069,1.903,0.014,1.692,0.307,2.344
4.318,0.069,1.903,0.014,1.692,0.307,2.349
4.3,0.069,1.905,0.014,1.694,0.308,2.358
4.281,0.069,1.905,0.014,1.694,0.309,2.362
4.262,0.069,1.906,0.014,1.696,0.309,2.371
4.244,0.069,1.906,0.014,1.696,0.31,2.376
4.225,0.069,1.908,0.014,1.698,0.311,2.384
4.207,0.069,1.907,0.014,1.698,0.312,2.389
4.189,0.069,1.909,0.015,1.7,0.313,2.397
4.171,0.069,1.909,0.015,1.699,0.315,2.402
4.153,0.069,1.91,0.015,1.701,0.317,2.41
4.135,0.069,1.91,0.015,1.701,0.319,2.413
4.117,0.069,1.912,0.015,1.702,0.321,2.421
4.099,0.069,1.911,0.016,1.702,0.323,2.425
4.081,0.069,1.913,0.016,1.704,0.325,2.432
4.063,0.07,1.913,0.016,1.703,0.328,2.435
4.046,0.07,1.914,0.016,1.705,0.33,2.442
4.028,0.07,1.914,0.017,1.705,0.333,2.445
4.011,0.07,1.915,0.017,1.706,0.335,2.451
3.993,0.07,1.915,0.017,1.706,0.338,2.454
3.976,0.07,1.916,0.017,1.707,0.34,2.46
3.959,0.07,1.916,0.018,1.707,0.342,2.463
3.942,0.07,1.917,0.018,1.709,0.345,2.469
3.925,0.071,1.917,0.018,1.708,0.347,2.472
3.908,0.071,1.919,0.018,1.71,0.35,2.479
3.891,0.071,1.918,0.019,1.709,0.353,2.481
3.874,0.071,1.92,0.019,1.711,0.357,2.488
3.857,0.072,1.919,0.02,1.71,0.36,2.49
3.84,0.072,1.921,0.02,1.712,0.364,2.497
3.824,0.072,1.921,0.021,1.712,0.368,2.499
3.807,0.073,1.922,0.021,1.713,0.373,2.505
3.79,0.073,1.922,0.022,1.712,0.378,2.508
3.774,0.074,1.923,0.022,1.714,0.383,2.514
3.758,0.074,1.923,0.023,1.713,0.389,2.515
3.741,0.075,1.924,0.023,1.715,0.395,2.52
3.725,0.075,1.924,0.024,1.714,0.402,2.521
3.709,0.076,1.925,0.025,1.715,0.409,2.526
3.693,0.077,1.925,0.025,1.714,0.416,2.525
3.677,0.078,1.926,0.026,1.715,0.424,2.529
3.661,0.078,1.925,0.027,1.715,0.433,2.527
3.645,0.079,1.926,0.027,1.716,0.441,2.527
3.629,0.079,1.926,0.028,1.715,0.45,2.523
3.613,0.08,1.927,0.028,1.716,0.458,2.521
3.598,0.081,1.927,0.029,1.715,0.465,2.514
3.582,0.082,1.928,0.029,1.716,0.47,2.509
3.567,0.083,1.927,0.029,1.715,0.473,2.5
3.551,0.083,1.928,0.03,1.717,0.474,2.495
3.536,0.084,1.928,0.031,1.716,0.472,2.488
3.52,0.085,1.93,0.032,1.717,0.469,2.489
3.505,0.087,1.929,0.032,1.716,0.467,2.488
3.49,0.089,1.93,0.032,1.717,0.467,2.493
3.475,0.091,1.929,0.033,1.717,0.47,2.494
3.46,0.092,1.929,0.035,1.718,0.473,2.498
3.445,0.094,1.928,0.036,1.717,0.477,2.499
3.43,0.096,1.929,0.038,1.718,0.484,2.505
3.415,0.098,1.926,0.039,1.716,0.492,2.505
3.4,0.1,1.926,0.04,1.716,0.502,2.509
3.385,0.102,1.922,0.04,1.715,0.514,2.505
3.371,0.102,1.92,0.041,1.715,0.524,2.503
3.356,0.101,1.917,0.043,1.714,0.534,2.496
3.342,0.1,1.917,0.043,1.713,0.544,2.492
3.327,0.099,1.916,0.044,1.711,0.553,2.482
3.313,0.099,1.917,0.044,1.711,0.561,2.476
3.298,0.1,1.917,0.044,1.71,0.569,2.466
3.284,0.101,1.918,0.044,1.71,0.576,2.459
3.27,0.103,1.916,0.045,1.709,0.583,2.448
3.256,0.104,1.917,0.046,1.71,0.59,2.441
3.241,0.106,1.915,0.047,1.708,0.597,2.429
3.227,0.107,1.915,0.047,1.708,0.605,2.42
3.213,0.109,1.913,0.048,1.706,0.614,2.405
3.199,0.111,1.913,0.049,1.706,0.623,2.392
3.186,0.113,1.91,0.05,1.704,0.631,2.372
3.172,0.116,1.909,0.051,1.704,0.637,2.352
3.158,0.118,1.906,0.052,1.701,0.639,2.326
3.144,0.12,1.903,0.052,1.7,0.637,2.302
3.131,0.121,1.898,0.052,1.698,0.629,2.274
3.117,0.122,1.895,0.052,1.697,0.617,2.253
3.104,0.122,1.89,0.052,1.694,0.6,2.232
3.09,0.121,1.887,0.052,1.693,0.583,2.221
3.077,0.121,1.883,0.052,1.691,0.567,2.211
3.063,0.121,1.88,0.052,1.69,0.554,2.207
3.05,0.12,1.875,0.052,1.687,0.546,2.201
3.037,0.12,1.872,0.052,1.686,0.542,2.195
3.024,0.119,1.866,0.051,1.682,0.538,2.18
3.011,0.117,1.862,0.05,1.68,0.532,2.165
2.998,0.114,1.856,0.049,1.677,0.52,2.143
2.985,0.11,1.853,0.047,1.675,0.503,2.127
2.972,0.105,1.848,0.045,1.672,0.482,2.109
2.959,0.099,1.846,0.042,1.671,0.459,2.099
2.946,0.094,1.844,0.039,1.669,0.435,2.088
2.933,0.089,1.844,0.036,1.669,0.411,2.083
2.92,0.084,1.842,0.033,1.668,0.385,2.076
2.908,0.079,1.843,0.03,1.669,0.356,2.076
2.895,0.074,1.843,0.027,1.669,0.327,2.078
2.883,0.07,1.845,0.024,1.671,0.3,2.088
2.87,0.066,1.845,0.022,1.671,0.275,2.099
2.858,0.062,1.848,0.02,1.673,0.253,2.118
2.845,0.059,1.85,0.019,1.673,0.236,2.136
2.833,0.056,1.854,0.017,1.676,0.226,2.157
2.821,0.055,1.855,0.016,1.676,0.22,2.172
2.808,0.053,1.859,0.016,1.679,0.216,2.187
2.796,0.052,1.86,0.015,1.679,0.213,2.196
2.784,0.052,1.862,0.015,1.681,0.209,2.208
2.772,0.051,1.863,0.014,1.68,0.205,2.215
2.76,0.05,1.865,0.014,1.682,0.2,2.226
2.748,0.049,1.865,0.014,1.682,0.195,2.233
2.736,0.049,1.868,0.013,1.684,0.192,2.245
2.724,0.048,1.868,0.013,1.683,0.189,2.253
2.712,0.047,1.87,0.013,1.685,0.188,2.264
2.701,0.047,1.871,0.012,1.684,0.189,2.271
2.689,0.047,1.873,0.012,1.686,0.189,2.279
2.677,0.047,1.872,0.012,1.685,0.189,2.283
2.666,0.047,1.874,0.012,1.687,0.189,2.291
2.654,0.047,1.874,0.012,1.687,0.189,2.294
2.643,0.047,1.875,0.012,1.688,0.189,2.301
2.631,0.047,1.875,0.012,1.687,0.189,2.303
2.62,0.047,1.876,0.012,1.687,0.188,2.309
2.608,0.046,1.875,0.011,1.687,0.188,2.31
2.597,0.046,1.876,0.011,1.688,0.187,2.316
2.586,0.046,1.876,0.011,1.687,0.187,2.318
2.575,0.045,1.877,0.01,1.688,0.186,2.323
2.563,0.045,1.876,0.01,1.686,0.186,2.325
2.552,0.045,1.878,0.009,1.687,0.185,2.33
2.541,0.044,1.877,0.008,1.687,0.184,2.331
2.53,0.044,1.878,0.007,1.688,0.183,2.336
2.519,0.043,1.878,0.006,1.688,0.183,2.337
2.508,0.043,1.879,0.005,1.69,0.182,2.342
2.497,0.043,1.878,0.005,1.689,0.181,2.343
2.487,0.042,1.88,0.004,1.691,0.181,2.348
2.476,0.042,1.879,0.004,1.691,0.18,2.349
2.465,0.042,1.88,0.004,1.693,0.18,2.353
2.454,0.042,1.88,0.004,1.692,0.179,2.354
2.444,0.041,1.881,0.004,1.694,0.179,2.359
2.433,0.041,1.88,0.004,1.693,0.179,2.359
2.423,0.041,1.881,0.004,1.695,0.179,2.364
2.412,0.041,1.881,0.004,1.694,0.178,2.364
2.402,0.041,1.882,0.004,1.696,0.178,2.368
2.391,0.04,1.881,0.003,1.695,0.178,2.368
2.381,0.04,1.882,0.003,1.696,0.178,2.372
2.37,0.04,1.881,0.003,1.696,0.178,2.372
2.36,0.04,1.882,0.003,1.697,0.177,2.376
2.35,0.04,1.882,0.003,1.697,0.177,2.376
2.34,0.039,1.883,0.003,1.698,0.177,2.38
2.33,0.039,1.882,0.003,1.697,0.177,2.38
2.319,0.039,1.883,0.003,1.699,0.177,2.384
2.309,0.039,1.882,0.003,1.698,0.177,2.384
2.299,0.039,1.883,0.002,1.699,0.177,2.387
2.289,0.038,1.882,0.002,1.699,0.176,2.387
2.28,0.038,1.883,0.002,1.7,0.176,2.39
2.27,0.038,1.882,0.002,1.699,0.176,2.39
2.26,0.038,1.883,0.002,1.7,0.176,2.393
2.25,0.037,1.882,0.002,1.7,0.176,2.393
2.24,0.037,1.883,0.002,1.701,0.176,2.396
2.231,0.037,1.882,0.002,1.7,0.176,2.395
2.221,0.037,1.883,0.002,1.702,0.175,2.399
2.211,0.036,1.882,0.002,1.701,0.175,2.398
2.202,0.036,1.883,0.002,1.702,0.175,2.401
2.192,0.036,1.882,0.001,1.702,0.175,2.4
2.183,0.035,1.883,0.001,1.703,0.175,2.404
2.173,0.035,1.882,0.001,1.702,0.174,2.403
2.164,0.035,1.883,0.001,1.704,0.174,2.406
2.154,0.034,1.882,0.001,1.703,0.174,2.405
2.145,0.034,1.883,0.001,1.704,0.174,2.408
2.136,0.034,1.882,0.001,1.703,0.174,2.407
2.126,0.033,1.883,0.001,1.705,0.174,2.411
2.117,0.033,1.882,0.001,1.704,0.174,2.41
2.108,0.033,1.883,0.001,1.705,0.174,2.413
2.099,0.032,1.882,0.001,1.705,0.173,2.412
2.09,0.032,1.883,0.001,1.706,0.173,2.415
2.081,0.032,1.882,0.001,1.705,0.173,2.414
2.072,0.031,1.883,0.001,1.706,0.173,2.417
2.063,0.031,1.882,0.001,1.706,0.173,2.416
2.054,0.03,1.883,0.001,1.707,0.173,2.419
2.045,0.03,1.882,0.0,1.706,0.173,2.418
2.036,0.03,1.882,0.0,1.708,0.173,2.42
2.027,0.029,1.882,0.0,1.707,0.173,2.419
2.018,0.029,1.882,0.0,1.708,0.173,2.422
2.01,0.028,1.882,0.0,1.708,0.173,2.421
2.001,0.028,1.882,0.0,1.709,0.173,2.424
1.992,0.027,1.881,0.0,1.708,0.173,2.423
1.984,0.027,1.882,0.0,1.71,0.173,2.425
1.975,0.026,1.882,0.0,1.709,0.173,2.424
1.966,0.026,1.882,0.0,1.71,0.173,2.427
1.958,0.025,1.882,0.0,1.71,0.173,2.426
1.949,0.025,1.883,0.0,1.711,0.173,2.429
1.941,0.024,1.882,0.0,1.71,0.173,2.427
1.932,0.024,1.883,0.0,1.712,0.173,2.43
1.924,0.023,1.882,0.001,1.711,0.173,2.429
1.916,0.023,1.883,0.001,1.712,0.173,2.432
1.907,0.022,1.882,0.001,1.711,0.173,2.43
1.899,0.022,1.883,0.001,1.713,0.174,2.433
1.891,0.021,1.882,0.001,1.712,0.174,2.431
1.883,0.021,1.883,0.001,1.713,0.174,2.434
1.875,0.02,1.883,0.001,1.712,0.174,2.432
1.866,0.019,1.884,0.001,1.713,0.175,2.435
1.858,0.019,1.883,0.001,1.713,0.175,2.433
1.85,0.018,1.884,0.001,1.714,0.175,2.435
1.842,0.018,1.883,0.001,1.713,0.175,2.434
1.834,0.017,1.884,0.0,1.714,0.175,2.436
1.826,0.016,1.884,0.0,1.714,0.175,2.434
1.818,0.016,1.885,0.0,1.715,0.176,2.437
1.811,0.015,1.884,0.0,1.714,0.176,2.435
1.803,0.015,1.886,0.0,1.716,0.176,2.437
1.795,0.014,1.885,0.0,1.715,0.176,2.436
1.787,0.013,1.887,0.0,1.716,0.176,2.438
1.779,0.013,1.886,0.0,1.716,0.176,2.436
1.772,0.013,1.887,0.0,1.717,0.177,2.438
1.764,0.012,1.887,0.001,1.717,0.177,2.436
1.756,0.012,1.888,0.001,1.718,0.177,2.438
1.749,0.011,1.888,0.001,1.717,0.177,2.437
1.741,0.011,1.889,0.001,1.719,0.178,2.439
1.734,0.011,1.889,0.001,1.718,0.178,2.437
1.726,0.01,1.89,0.001,1.719,0.178,2.439
1.719,0.01,1.89,0.001,1.719,0.178,2.437
1.711,0.01,1.891,0.002,1.72,0.178,2.438
1.704,0.009,1.891,0.002,1.72,0.178,2.436
1.696,0.009,1.892,0.002,1.721,0.179,2.438
1.689,0.009,1.891,0.002,1.72,0.179,2.436
1.682,0.008,1.893,0.002,1.722,0.179,2.438
1.674,0.008,1.892,0.003,1.721,0.179,2.436
1.667,0.007,1.894,0.003,1.722,0.179,2.437
1.66,0.007,1.894,0.003,1.721,0.179,2.435
1.653,0.007,1.895,0.003,1.723,0.179,2.437
1.645,0.007,1.895,0.004,1.722,0.179,2.435
1.638,0.007,1.897,0.004,1.723,0.179,2.436
1.631,0.007,1.897,0.004,1.722,0.179,2.434
1.624,0.007,1.898,0.004,1.724,0.179,2.436
1.617,0.007,1.898,0.005,1.723,0.179,2.433
1.61,0.007,1.899,0.005,1.724,0.179,2.435
1.603,0.007,1.899,0.005,1.723,0.179,2.433
1.596,0.007,1.901,0.005,1.725,0.179,2.434
1.589,0.007,1.9,0.006,1.724,0.179,2.432
1.582,0.008,1.901,0.006,1.725,0.178,2.434
1.575,0.008,1.901,0.006,1.724,0.178,2.431
1.569,0.008,1.902,0.006,1.726,0.178,2.433
1.562,0.008,1.901,0.007,1.725,0.178,2.43
1.555,0.009,1.903,0.007,1.726,0.178,2.432
1.548,0.009,1.902,0.008,1.725,0.177,2.429
1.542,0.009,1.903,0.008,1.726,0.177,2.431
1.535,0.009,1.902,0.008,1.726,0.177,2.429
1.528,0.009,1.903,0.009,1.727,0.176,2.43
1.522,0.009,1.902,0.009,1.726,0.176,2.428
1.515,0.01,1.903,0.009,1.727,0.176,2.429
1.508,0.01,1.902,0.01,1.726,0.175,2.427
1.502,0.01,1.903,0.01,1.727,0.175,2.429
1.495,0.01,1.903,0.01,1.726,0.175,2.426
1.489,0.01,1.904,0.01,1.727,0.174,2.428
1.482,0.01,1.903,0.01,1.726,0.174,2.425
1.476,0.01,1.904,0.011,1.727,0.173,2.427
1.47,0.01,1.903,0.011,1.726,0.173,2.424
1.463,0.01,1.904,0.011,1.727,0.172,2.426
1.457,0.01,1.903,0.011,1.726,0.171,2.424
1.451,0.01,1.904,0.012,1.727,0.171,2.426
1.444,0.01,1.903,0.012,1.726,0.17,2.423
1.438,0.01,1.903,0.012,1.728,0.17,2.425
1.432,0.01,1.902,0.012,1.727,0.169,2.423
1.426,0.009,1.903,0.013,1.728,0.168,2.425
1.419,0.009,1.903,0.013,1.727,0.168,2.423
1.413,0.009,1.904,0.013,1.728,0.168,2.425
1.407,0.009,1.903,0.014,1.727,0.167,2.422
1.401,0.009,1.904,0.014,1.728,0.167,2.424
1.395,0.009,1.903,0.014,1.727,0.166,2.422
1.389,0.009,1.904,0.015,1.728,0.166,2.424
1.383,0.009,1.904,0.015,1.727,0.166,2.421
1.377,0.008,1.905,0.015,1.728,0.165,2.423
1.371,0.008,1.904,0.016,1.727,0.165,2.421
1.365,0.008,1.905,0.016,1.728,0.164,2.423
1.359,0.008,1.904,0.016,1.727,0.164,2.42
1.353,0.008,1.905,0.016,1.728,0.163,2.422
1.347,0.008,1.904,0.017,1.727,0.163,2.42
1.341,0.008,1.905,0.017,1.728,0.162,2.422
1.336,0.008,1.905,0.017,1.727,0.161,2.419
1.33,0.008,1.906,0.017,1.728,0.161,2.421
1.324,0.008,1.905,0.017,1.727,0.16,2.419
1.318,0.008,1.906,0.017,1.729,0.16,2.421
1.313,0.008,1.905,0.018,1.728,0.159,2.419
1.307,0.008,1.906,0.019,1.729,0.159,2.421
1.301,0.008,1.905,0.019,1.727,0.158,2.419
1.296,0.007,1.906,0.019,1.728,0.158,2.42
1.29,0.007,1.905,0.019,1.727,0.157,2.418
1.284,0.007,1.906,0.02,1.729,0.157,2.42
1.279,0.007,1.905,0.02,1.727,0.156,2.418
1.273,0.007,1.906,0.02,1.729,0.156,2.419
1.268,0.007,1.906,0.021,1.727,0.155,2.417
1.262,0.007,1.907,0.021,1.728,0.155,2.419
1.257,0.007,1.906,0.022,1.726,0.154,2.417
1.251,0.007,1.907,0.022,1.727,0.153,2.419
1.246,0.006,1.906,0.021,1.726,0.153,2.417
1.24,0.006,1.907,0.021,1.727,0.152,2.419
1.235,0.006,1.906,0.021,1.726,0.152,2.417
1.23,0.006,1.907,0.022,1.728,0.151,2.419
1.224,0.006,1.906,0.022,1.727,0.151,2.417
1.219,0.005,1.907,0.023,1.728,0.151,2.418
1.214,0.005,1.906,0.023,1.726,0.15,2.416
1.209,0.005,1.907,0.023,1.727,0.15,2.418
1.203,0.005,1.907,0.023,1.726,0.149,2.416
1.198,0.005,1.908,0.024,1.728,0.149,2.418
1.193,0.004,1.907,0.024,1.727,0.149,2.415
1.188,0.004,1.908,0.025,1.727,0.148,2.417
1.183,0.004,1.907,0.025,1.726,0.148,2.414
1.177,0.004,1.908,0.025,1.726,0.147,2.416
1.172,0.004,1.907,0.025,1.725,0.146,2.414
1.167,0.003,1.908,0.026,1.726,0.145,2.416
1.162,0.003,1.908,0.026,1.725,0.145,2.414
1.157,0.003,1.909,0.026,1.725,0.144,2.416
1.152,0.002,1.908,0.026,1.724,0.144,2.414
1.147,0.002,1.91,0.026,1.725,0.143,2.416
1.142,0.002,1.909,0.026,1.724,0.143,2.414
1.137,0.002,1.91,0.026,1.725,0.143,2.415
1.132,0.002,1.91,0.026,1.723,0.142,2.412
1.127,0.002,1.911,0.026,1.725,0.142,2.414
1.122,0.002,1.91,0.027,1.723,0.14,2.412
1.118,0.001,1.911,0.026,1.724,0.139,2.414
1.113,0.001,1.911,0.026,1.724,0.139,2.412
1.108,0.0,1.912,0.026,1.725,0.138,2.414
1.103,0.0,1.912,0.026,1.724,0.138,2.412
1.098,0.001,1.914,0.027,1.725,0.138,2.414
1.094,0.001,1.913,0.027,1.724,0.137,2.412
1.089,0.001,1.914,0.028,1.725,0.136,2.414
1.084,0.001,1.913,0.028,1.723,0.135,2.412
1.079,0.001,1.915,0.027,1.724,0.135,2.415
1.075,0.001,1.914,0.027,1.724,0.135,2.413
1.07,0.001,1.916,0.028,1.725,0.136,2.414
1.065,0.002,1.915,0.029,1.724,0.136,2.412
1.061,0.002,1.916,0.03,1.724,0.136,2.412
1.056,0.002,1.915,0.031,1.722,0.136,2.409
1.052,0.002,1.915,0.03,1.723,0.135,2.406
1.047,0.001,1.915,0.031,1.722,0.127,2.404
1.043,0.001,1.916,0.031,1.722,0.127,2.412
1.038,0.001,1.916,0.031,1.721,0.127,2.409
1.033,0.001,1.917,0.031,1.722,0.127,2.413
1.029,0.001,1.916,0.031,1.721,0.127,2.411
1.025,0.001,1.918,0.031,1.721,0.127,2.414
1.02,0.001,1.917,0.031,1.72,0.127,2.411
1.016,0.001,1.918,0.031,1.721,0.127,2.414
1.011,0.001,1.917,0.031,1.72,0.127,2.411
1.007,0.001,1.919,0.031,1.721,0.127,2.414
1.003,0.001,1.918,0.031,1.72,0.127,2.411
0.998,0.001,1.919,0.031,1.721,0.127,2.413
0.994,0.001,1.918,0.031,1.719,0.127,2.409
0.99,0.001,1.92,0.031,1.72,0.125,2.411
0.985,0.001,1.92,0.031,1.72,0.125,2.409
0.981,0.001,1.921,0.031,1.72,0.124,2.41
0.977,0.001,1.92,0.031,1.719,0.123,2.408
0.972,0.001,1.921,0.031,1.72,0.123,2.408
0.968,0.002,1.922,0.031,1.719,0.12,2.407
0.964,0.002,1.922,0.032,1.72,0.12,2.411
0.96,0.002,1.922,0.032,1.719,0.12,2.407
0.956,0.002,1.923,0.032,1.72,0.119,2.409
0.952,0.002,1.922,0.032,1.718,0.118,2.406
0.947,0.003,1.923,0.032,1.719,0.117,2.41
0.943,0.003,1.922,0.032,1.718,0.119,2.407
0.939,0.003,1.923,0.032,1.719,0.117,2.407
0.935,0.002,1.923,0.032,1.718,0.114,2.405
0.931,0.003,1.925,0.033,1.719,0.115,2.409
0.927,0.004,1.923,0.033,1.717,0.114,2.405
0.923,0.003,1.924,0.032,1.718,0.112,2.409
0.919,0.004,1.924,0.032,1.717,0.114,2.406
0.915,0.004,1.925,0.033,1.718,0.112,2.408
0.911,0.005,1.924,0.033,1.717,0.112,2.405
0.907,0.004,1.924,0.033,1.718,0.11,2.406
0.903,0.004,1.924,0.033,1.717,0.109,2.404
0.899,0.004,1.925,0.033,1.717,0.109,2.406
0.895,0.004,1.924,0.033,1.716,0.108,2.403
0.892,0.004,1.926,0.033,1.717,0.106,2.406
0.888,0.004,1.926,0.033,1.716,0.106,2.405
0.884,0.005,1.926,0.033,1.717,0.106,2.405
0.88,0.004,1.925,0.033,1.716,0.102,2.402
0.876,0.005,1.927,0.033,1.717,0.1,2.406
0.872,0.005,1.927,0.033,1.716,0.101,2.406
0.869,0.006,1.926,0.033,1.716,0.102,2.404
0.865,0.004,1.926,0.033,1.715,0.097,2.402
0.861,0.006,1.928,0.033,1.716,0.097,2.408
0.857,0.006,1.927,0.033,1.715,0.098,2.405
0.854,0.007,1.928,0.034,1.716,0.097,2.407
0.85,0.005,1.926,0.033,1.715,0.096,2.403
0.846,0.006,1.929,0.033,1.716,0.093,2.407
0.843,0.007,1.927,0.034,1.715,0.094,2.404
0.839,0.006,1.928,0.034,1.716,0.091,2.407
0.835,0.006,1.928,0.034,1.714,0.092,2.405
0.832,0.007,1.929,0.033,1.715,0.09,2.407
0.828,0.007,1.928,0.034,1.715,0.089,2.405
0.824,0.007,1.929,0.034,1.715,0.088,2.406
0.821,0.007,1.928,0.034,1.714,0.084,2.405
0.817,0.008,1.93,0.034,1.715,0.085,2.41
0.814,0.008,1.929,0.034,1.714,0.085,2.406
0.81,0.009,1.93,0.034,1.715,0.084,2.409
0.807,0.009,1.928,0.034,1.714,0.083,2.405
0.803,0.008,1.93,0.034,1.715,0.08,2.41
0.8,0.01,1.929,0.034,1.714,0.082,2.406
0.796,0.009,1.929,0.034,1.715,0.078,2.409
0.793,0.008,1.929,0.034,1.714,0.078,2.409
0.789,0.009,1.931,0.035,1.715,0.076,2.41
0.786,0.01,1.929,0.035,1.714,0.077,2.41
0.783,0.01,1.93,0.035,1.715,0.075,2.41
0.779,0.009,1.929,0.035,1.713,0.073,2.41
0.776,0.01,1.931,0.035,1.714,0.073,2.413
0.772,0.011,1.929,0.035,1.713,0.074,2.41
0.769,0.01,1.931,0.035,1.714,0.07,2.411
0.766,0.011,1.929,0.035,1.713,0.069,2.411
0.762,0.01,1.93,0.035,1.714,0.068,2.413
0.759,0.011,1.93,0.035,1.713,0.065,2.412
0.756,0.011,1.931,0.035,1.714,0.065,2.416
0.753,0.011,1.93,0.035,1.713,0.065,2.415
0.749,0.011,1.931,0.035,1.714,0.064,2.416
0.746,0.011,1.93,0.035,1.713,0.062,2.414
0.743,0.011,1.931,0.035,1.714,0.06,2.419
0.74,0.012,1.931,0.035,1.713,0.061,2.417
0.736,0.012,1.931,0.035,1.714,0.06,2.418
0.733,0.012,1.93,0.035,1.712,0.058,2.417
0.73,0.012,1.931,0.035,1.713,0.056,2.419
0.727,0.012,1.931,0.036,1.712,0.054,2.419
0.724,0.012,1.932,0.036,1.713,0.054,2.422
0.721,0.013,1.931,0.036,1.712,0.052,2.419
0.717,0.012,1.932,0.036,1.713,0.049,2.424
0.714,0.013,1.932,0.036,1.712,0.05,2.424
0.711,0.013,1.932,0.036,1.713,0.049,2.426
0.708,0.013,1.932,0.036,1.712,0.048,2.425
0.705,0.013,1.932,0.036,1.713,0.045,2.428
0.702,0.013,1.932,0.036,1.712,0.045,2.428
0.699,0.014,1.933,0.036,1.713,0.044,2.432
0.696,0.014,1.932,0.036,1.712,0.044,2.431
0.693,0.015,1.932,0.036,1.713,0.043,2.434
0.69,0.014,1.931,0.036,1.711,0.043,2.434
0.687,0.015,1.933,0.036,1.712,0.043,2.436
0.684,0.015,1.932,0.036,1.711,0.041,2.434
0.681,0.015,1.933,0.036,1.712,0.04,2.437
0.678,0.015,1.931,0.036,1.711,0.039,2.436
0.675,0.015,1.932,0.037,1.712,0.037,2.44
0.672,0.015,1.932,0.037,1.711,0.038,2.44
0.669,0.015,1.933,0.037,1.712,0.037,2.441
0.666,0.016,1.932,0.036,1.711,0.035,2.44
0.663,0.015,1.933,0.036,1.712,0.033,2.444
0.661,0.016,1.932,0.036,1.711,0.033,2.444
0.658,0.016,1.933,0.036,1.712,0.032,2.445
0.655,0.016,1.932,0.037,1.711,0.03,2.446
0.652,0.016,1.933,0.037,1.712,0.029,2.449
0.649,0.016,1.933,0.037,1.711,0.028,2.45
0.646,0.017,1.934,0.037,1.711,0.028,2.453
0.644,0.017,1.933,0.037,1.71,0.027,2.453
0.641,0.017,1.933,0.037,1.711,0.027,2.456
0.638,0.017,1.932,0.037,1.71,0.025,2.455
0.635,0.017,1.933,0.037,1.711,0.025,2.459
0.632,0.017,1.933,0.037,1.71,0.024,2.458
0.63,0.017,1.934,0.037,1.711,0.022,2.461
0.627,0.017,1.933,0.037,1.71,0.021,2.462
0.624,0.018,1.934,0.037,1.711,0.022,2.466
0.622,0.018,1.933,0.037,1.71,0.021,2.464
0.619,0.018,1.934,0.037,1.711,0.02,2.469
0.616,0.017,1.933,0.037,1.71,0.02,2.468
0.613,0.019,1.935,0.037,1.711,0.019,2.472
0.611,0.019,1.933,0.038,1.71,0.019,2.471
0.608,0.018,1.934,0.038,1.711,0.017,2.475
0.606,0.019,1.934,0.038,1.71,0.017,2.475
0.603,0.019,1.935,0.038,1.711,0.016,2.479
0.6,0.02,1.934,0.038,1.71,0.016,2.478
0.598,0.019,1.934,0.038,1.71,0.015,2.482
0.595,0.019,1.934,0.038,1.709,0.015,2.482
0.593,0.02,1.935,0.038,1.711,0.014,2.486
0.59,0.02,1.934,0.038,1.71,0.014,2.484
0.587,0.019,1.934,0.038,1.711,0.01,2.489
0.585,0.02,1.934,0.038,1.71,0.012,2.491
0.582,0.02,1.935,0.038,1.711,0.011,2.493
0.58,0.021,1.934,0.039,1.71,0.011,2.494
0.577,0.02,1.934,0.039,1.711,0.01,2.497
0.575,0.02,1.934,0.039,1.71,0.009,2.498
0.572,0.021,1.935,0.039,1.711,0.009,2.502
0.57,0.021,1.934,0.039,1.71,0.009,2.504
0.567,0.021,1.935,0.039,1.711,0.01,2.506
0.565,0.021,1.934,0.039,1.71,0.009,2.506
0.562,0.022,1.935,0.039,1.711,0.009,2.51
0.56,0.021,1.934,0.039,1.71,0.008,2.51
0.558,0.021,1.935,0.039,1.711,0.007,2.514
0.555,0.022,1.934,0.039,1.71,0.008,2.516
0.553,0.022,1.935,0.039,1.711,0.008,2.519
0.55,0.022,1.935,0.039,1.71,0.007,2.519
0.548,0.023,1.936,0.039,1.711,0.008,2.524
0.546,0.023,1.934,0.039,1.71,0.008,2.523
0.543,0.022,1.935,0.04,1.711,0.007,2.527
0.541,0.022,1.935,0.04,1.71,0.007,2.528
0.538,0.023,1.936,0.04,1.711,0.007,2.533
0.536,0.023,1.935,0.04,1.71,0.007,2.532
0.534,0.023,1.936,0.04,1.711,0.006,2.537
0.532,0.023,1.935,0.04,1.71,0.007,2.537
0.529,0.023,1.936,0.04,1.711,0.007,2.542
0.527,0.023,1.935,0.04,1.71,0.007,2.542
0.525,0.023,1.937,0.04,1.711,0.007,2.547
0.522,0.024,1.935,0.04,1.71,0.007,2.547
0.52,0.023,1.936,0.04,1.711,0.007,2.551
0.518,0.024,1.936,0.041,1.71,0.007,2.552
0.516,0.024,1.937,0.041,1.711,0.008,2.556
0.513,0.024,1.936,0.041,1.71,0.008,2.557
0.511,0.025,1.937,0.041,1.711,0.008,2.561
0.509,0.024,1.936,0.041,1.71,0.008,2.561
0.507,0.025,1.937,0.041,1.711,0.008,2.566
0.505,0.025,1.936,0.041,1.71,0.009,2.566
0.502,0.025,1.937,0.041,1.711,0.009,2.571
0.5,0.025,1.936,0.041,1.71,0.01,2.572
0.498,0.026,1.937,0.042,1.711,0.01,2.576
0.496,0.025,1.936,0.042,1.71,0.01,2.576
0.494,0.025,1.937,0.042,1.711,0.01,2.581
0.492,0.025,1.936,0.042,1.71,0.011,2.582
0.489,0.026,1.937,0.042,1.711,0.011,2.586
0.487,0.026,1.937,0.042,1.71,0.012,2.587
0.485,0.026,1.938,0.043,1.711,0.012,2.591
0.483,0.026,1.937,0.043,1.71,0.013,2.593
0.481,0.026,1.938,0.043,1.711,0.013,2.597
0.479,0.026,1.937,0.043,1.71,0.014,2.598
0.477,0.027,1.938,0.043,1.711,0.015,2.603
0.475,0.027,1.937,0.043,1.71,0.016,2.603
0.473,0.027,1.939,0.043,1.711,0.016,2.608
0.471,0.027,1.937,0.043,1.71,0.017,2.608
0.469,0.027,1.938,0.044,1.712,0.017,2.613
0.467,0.027,1.938,0.044,1.711,0.018,2.614
0.465,0.027,1.939,0.044,1.712,0.019,2.618
0.462,0.028,1.938,0.044,1.711,0.02,2.619
0.46,0.028,1.939,0.044,1.712,0.02,2.624
0.458,0.028,1.938,0.044,1.711,0.021,2.625
0.457,0.028,1.939,0.044,1.712,0.021,2.629
0.455,0.028,1.938,0.045,1.711,0.022,2.631
0.453,0.028,1.939,0.045,1.712,0.023,2.636
0.451,0.028,1.939,0.045,1.711,0.024,2.636
0.449,0.029,1.94,0.045,1.712,0.024,2.641
0.447,0.028,1.939,0.045,1.711,0.025,2.642
0.445,0.029,1.94,0.045,1.712,0.026,2.648
0.443,0.029,1.939,0.046,1.711,0.026,2.649
0.441,0.029,1.94,0.046,1.713,0.027,2.654
0.439,0.029,1.94,0.046,1.711,0.029,2.656
0.437,0.029,1.941,0.046,1.713,0.031,2.66
0.435,0.03,1.94,0.047,1.712,0.031,2.661
0.433,0.03,1.941,0.047,1.713,0.032,2.667
0.431,0.03,1.941,0.047,1.712,0.034,2.668
0.43,0.03,1.942,0.047,1.713,0.035,2.673
0.428,0.031,1.941,0.048,1.712,0.036,2.674
0.426,0.031,1.942,0.048,1.713,0.037,2.68
0.424,0.031,1.941,0.048,1.712,0.038,2.68
0.422,0.031,1.942,0.048,1.713,0.039,2.686
0.42,0.032,1.941,0.049,1.712,0.042,2.687
0.419,0.031,1.942,0.049,1.713,0.042,2.692
0.417,0.032,1.942,0.049,1.712,0.044,2.694
0.415,0.032,1.943,0.049,1.713,0.045,2.699
0.413,0.032,1.942,0.05,1.712,0.046,2.7
0.411,0.033,1.943,0.05,1.714,0.048,2.705
0.41,0.033,1.942,0.05,1.712,0.049,2.706
0.408,0.033,1.943,0.05,1.714,0.049,2.712
0.406,0.033,1.943,0.05,1.713,0.051,2.715
0.404,0.033,1.944,0.051,1.714,0.053,2.72
0.402,0.033,1.943,0.051,1.713,0.054,2.721
0.401,0.033,1.945,0.052,1.714,0.054,2.727
0.399,0.034,1.944,0.052,1.713,0.056,2.729
0.397,0.035,1.945,0.052,1.714,0.057,2.735
0.396,0.034,1.944,0.052,1.713,0.059,2.737
0.394,0.035,1.946,0.053,1.714,0.061,2.742
0.392,0.035,1.945,0.053,1.713,0.062,2.744
0.39,0.035,1.946,0.053,1.714,0.064,2.751
0.389,0.036,1.945,0.054,1.713,0.066,2.752
0.387,0.036,1.946,0.054,1.715,0.066,2.758
0.385,0.036,1.946,0.055,1.713,0.068,2.761
0.384,0.036,1.947,0.055,1.715,0.069,2.767
0.382,0.037,1.946,0.055,1.714,0.07,2.77
0.38,0.037,1.948,0.056,1.715,0.073,2.777
0.379,0.038,1.946,0.056,1.714,0.074,2.779
0.377,0.038,1.947,0.056,1.715,0.075,2.785
0.375,0.038,1.947,0.057,1.713,0.077,2.788
0.374,0.038,1.948,0.057,1.715,0.079,2.796
0.372,0.039,1.947,0.057,1.714,0.08,2.798
0.371,0.039,1.949,0.058,1.715,0.081,2.806
0.369,0.039,1.948,0.058,1.714,0.083,2.81
0.367,0.039,1.949,0.059,1.715,0.085,2.818
0.366,0.04,1.948,0.059,1.714,0.087,2.822
0.364,0.04,1.95,0.06,1.715,0.089,2.83
0.363,0.04,1.949,0.06,1.714,0.091,2.834
0.361,0.041,1.95,0.06,1.715,0.094,2.843
0.359,0.041,1.949,0.061,1.714,0.096,2.847
0.358,0.041,1.951,0.061,1.715,0.098,2.857
0.356,0.042,1.95,0.062,1.714,0.102,2.862
0.355,0.042,1.951,0.062,1.715,0.105,2.871
0.353,0.043,1.95,0.063,1.714,0.108,2.876
0.352,0.043,1.952,0.063,1.715,0.111,2.885
0.35,0.044,1.951,0.063,1.714,0.115,2.891
0.349,0.044,1.952,0.064,1.715,0.119,2.901
0.347,0.044,1.951,0.064,1.714,0.123,2.908
0.346,0.044,1.953,0.065,1.715,0.128,2.918
0.344,0.045,1.952,0.066,1.714,0.132,2.924
0.343,0.045,1.954,0.066,1.715,0.138,2.935
0.341,0.046,1.953,0.067,1.714,0.144,2.942
0.34,0.046,1.954,0.067,1.715,0.15,2.952
0.338,0.047,1.953,0.068,1.713,0.156,2.959
0.337,0.047,1.954,0.068,1.714,0.164,2.97
0.335,0.047,1.954,0.069,1.713,0.172,2.976
0.334,0.048,1.955,0.069,1.714,0.18,2.984
0.332,0.048,1.954,0.07,1.713,0.186,2.99
0.331,0.049,1.956,0.07,1.714,0.195,3.0
0.33,0.049,1.955,0.071,1.713,0.201,3.003
0.328,0.05,1.956,0.071,1.714,0.206,3.014
0.327,0.05,1.956,0.072,1.713,0.211,3.023
0.325,0.051,1.957,0.072,1.714,0.222,3.039
0.324,0.051,1.956,0.073,1.712,0.233,3.045
0.322,0.052,1.957,0.073,1.713,0.242,3.057
0.321,0.052,1.957,0.074,1.712,0.255,3.066
0.32,0.053,1.958,0.074,1.713,0.268,3.077
0.318,0.053,1.957,0.075,1.712,0.281,3.083
0.317,0.054,1.958,0.076,1.713,0.296,3.091
0.316,0.054,1.958,0.076,1.711,0.306,3.096
0.314,0.054,1.959,0.077,1.712,0.321,3.108
0.313,0.055,1.958,0.077,1.711,0.337,3.11
0.311,0.055,1.96,0.078,1.712,0.348,3.119
0.31,0.056,1.959,0.079,1.711,0.365,3.126
0.309,0.056,1.96,0.079,1.712,0.382,3.13
0.307,0.057,1.96,0.08,1.71,0.393,3.133
0.306,0.058,1.961,0.08,1.711,0.411,3.144
0.305,0.058,1.961,0.081,1.71,0.43,3.141
0.303,0.059,1.962,0.082,1.711,0.442,3.146
0.302,0.059,1.962,0.082,1.709,0.46,3.151
0.301,0.06,1.962,0.083,1.71,0.479,3.152
0.299,0.059,1.962,0.084,1.709,0.491,3.15
0.298,0.06,1.964,0.084,1.71,0.508,3.157
0.297,0.061,1.964,0.085,1.708,0.527,3.153
0.296,0.062,1.965,0.086,1.709,0.539,3.153
0.294,0.063,1.965,0.086,1.707,0.551,3.153
0.293,0.063,1.967,0.087,1.708,0.569,3.16
0.292,0.065,1.966,0.088,1.707,0.587,3.155
0.29,0.066,1.968,0.089,1.707,0.599,3.155
0.289,0.066,1.967,0.089,1.706,0.612,3.156
0.288,0.067,1.969,0.09,1.707,0.63,3.162
0.287,0.068,1.968,0.091,1.705,0.649,3.158
0.285,0.069,1.969,0.091,1.705,0.663,3.157
0.284,0.07,1.968,0.092,1.703,0.676,3.158
0.283,0.071,1.971,0.093,1.704,0.697,3.164
0.282,0.072,1.97,0.093,1.702,0.719,3.158
0.281,0.073,1.971,0.094,1.703,0.734,3.155
0.279,0.074,1.97,0.094,1.701,0.749,3.154
0.278,0.075,1.972,0.095,1.702,0.773,3.159
0.277,0.076,1.971,0.095,1.7,0.797,3.148
0.276,0.077,1.972,0.096,1.7,0.813,3.142
0.275,0.078,1.972,0.096,1.698,0.83,3.135
0.273,0.079,1.974,0.096,1.699,0.846,3.135
0.272,0.08,1.973,0.097,1.698,0.87,3.13
0.271,0.082,1.975,0.098,1.698,0.894,3.12
0.27,0.083,1.974,0.098,1.696,0.911,3.105
0.269,0.084,1.975,0.098,1.697,0.926,3.098
0.267,0.085,1.974,0.099,1.695,0.941,3.086
0.266,0.086,1.976,0.099,1.696,0.956,3.082
0.265,0.088,1.976,0.1,1.694,0.978,3.072
0.264,0.089,1.977,0.1,1.694,0.998,3.059
0.263,0.091,1.976,0.101,1.692,1.011,3.041
0.262,0.092,1.977,0.101,1.693,1.023,3.031
0.261,0.093,1.976,0.101,1.691,1.036,3.016
0.259,0.095,1.978,0.102,1.692,1.047,3.007
0.258,0.096,1.978,0.102,1.69,1.059,2.994
0.257,0.098,1.979,0.102,1.69,1.07,2.986
0.256,0.1,1.979,0.103,1.688,1.084,2.976
0.255,0.102,1.979,0.103,1.689,1.099,2.963
0.254,0.104,1.978,0.104,1.687,1.108,2.948
0.253,0.105,1.979,0.104,1.688,1.118,2.94
0.252,0.106,1.978,0.104,1.685,1.129,2.926
0.251,0.108,1.979,0.104,1.686,1.137,2.918
0.25,0.109,1.978,0.105,1.684,1.147,2.908
0.248,0.112,1.979,0.105,1.685,1.158,2.901
0.247,0.113,1.978,0.105,1.682,1.168,2.891
0.246,0.115,1.979,0.105,1.683,1.179,2.886
0.245,0.117,1.978,0.106,1.681,1.191,2.879
0.244,0.119,1.979,0.106,1.682,1.209,2.876
0.243,0.121,1.977,0.106,1.68,1.228,2.861
0.242,0.123,1.977,0.106,1.68,1.242,2.85
0.241,0.124,1.976,0.106,1.678,1.257,2.836
0.24,0.127,1.977,0.106,1.679,1.273,2.827
0.239,0.128,1.974,0.106,1.677,1.289,2.811
0.238,0.129,1.976,0.107,1.677,1.304,2.801
0.237,0.131,1.973,0.107,1.675,1.322,2.784
0.236,0.133,1.974,0.107,1.676,1.338,2.77
0.235,0.134,1.972,0.107,1.674,1.355,2.751
0.234,0.136,1.973,0.107,1.674,1.372,2.735
0.233,0.137,1.971,0.107,1.672,1.388,2.711
0.232,0.139,1.972,0.107,1.673,1.403,2.692
0.231,0.14,1.97,0.107,1.671,1.417,2.665
0.23,0.141,1.971,0.107,1.672,1.428,2.643
0.229,0.143,1.969,0.106,1.67,1.44,2.616
0.228,0.144,1.97,0.106,1.671,1.447,2.59
0.227,0.146,1.969,0.106,1.668,1.453,2.563
0.226,0.148,1.969,0.106,1.669,1.459,2.538
0.225,0.149,1.968,0.106,1.667,1.46,2.509
0.224,0.151,1.968,0.106,1.668,1.461,2.487
0.223,0.153,1.967,0.106,1.666,1.459,2.459
0.222,0.155,1.968,0.106,1.668,1.457,2.439
0.221,0.157,1.966,0.105,1.666,1.454,2.413
0.22,0.158,1.967,0.105,1.667,1.448,2.396
0.219,0.161,1.965,0.105,1.665,1.444,2.374
0.218,0.162,1.966,0.105,1.666,1.437,2.359
0.217,0.165,1.964,0.105,1.664,1.43,2.342
0.216,0.167,1.963,0.105,1.665,1.424,2.333
0.215,0.167,1.961,0.105,1.664,1.424,2.318
0.214,0.17,1.963,0.105,1.665,1.42,2.304
0.213,0.172,1.962,0.104,1.663,1.415,2.29
0.212,0.175,1.963,0.104,1.664,1.411,2.281
0.212,0.178,1.96,0.104,1.662,1.408,2.268
0.211,0.18,1.961,0.104,1.664,1.405,2.261
0.21,0.183,1.959,0.104,1.662,1.404,2.249
0.209,0.188,1.96,0.104,1.663,1.399,2.242
0.208,0.191,1.955,0.104,1.662,1.4,2.235
0.207,0.194,1.955,0.104,1.663,1.401,2.229
0.206,0.197,1.951,0.104,1.661,1.404,2.22
0.205,0.199,1.949,0.104,1.663,1.407,2.211
0.204,0.199,1.945,0.104,1.661,1.407,2.202
0.203,0.202,1.946,0.104,1.662,1.413,2.197
0.203,0.205,1.942,0.104,1.66,1.417,2.186
0.202,0.207,1.941,0.104,1.662,1.424,2.179
0.201,0.21,1.937,0.104,1.66,1.43,2.167
0.2,0.212,1.935,0.103,1.662,1.438,2.158
0.199,0.215,1.931,0.103,1.66,1.444,2.144
0.198,0.216,1.928,0.103,1.662,1.453,2.131
0.197,0.216,1.924,0.103,1.661,1.453,2.115
0.196,0.219,1.923,0.103,1.663,1.462,2.11
0.196,0.22,1.918,0.103,1.662,1.47,2.093
0.195,0.221,1.917,0.104,1.664,1.482,2.083
0.194,0.223,1.912,0.105,1.662,1.491,2.061
0.193,0.224,1.911,0.105,1.664,1.5,2.049
0.192,0.225,1.905,0.106,1.662,1.511,2.022
0.191,0.225,1.904,0.106,1.664,1.511,2.005
0.191,0.226,1.9,0.107,1.663,1.521,1.988
0.19,0.226,1.898,0.107,1.665,1.53,1.968
0.189,0.227,1.893,0.107,1.663,1.54,1.944
0.188,0.227,1.892,0.108,1.665,1.548,1.918
0.187,0.227,1.888,0.108,1.663,1.548,1.891
0.186,0.227,1.887,0.109,1.666,1.555,1.871
0.186,0.227,1.882,0.11,1.664,1.56,1.838
0.185,0.227,1.881,0.111,1.667,1.563,1.813
0.184,0.227,1.877,0.112,1.665,1.564,1.778
0.183,0.227,1.876,0.114,1.666,1.562,1.752
0.182,0.227,1.872,0.114,1.664,1.562,1.716
0.182,0.227,1.872,0.115,1.667,1.555,1.686
0.181,0.227,1.868,0.116,1.665,1.547,1.65
0.18,0.226,1.867,0.118,1.666,1.535,1.626
0.179,0.226,1.863,0.118,1.664,1.535,1.593
0.179,0.226,1.863,0.12,1.667,1.517,1.552
0.178,0.226,1.86,0.121,1.664,1.498,1.524
0.177,0.226,1.86,0.123,1.667,1.475,1.492
0.176,0.226,1.856,0.125,1.663,1.45,1.48
0.175,0.226,1.856,0.125,1.665,1.45,1.453
0.175,0.226,1.852,0.126,1.662,1.421,1.415
0.174,0.226,1.853,0.128,1.664,1.391,1.392
0.173,0.226,1.849,0.129,1.66,1.358,1.385
0.172,0.226,1.849,0.129,1.662,1.358,1.37
0.172,0.226,1.845,0.131,1.66,1.323,1.333
0.171,0.227,1.846,0.133,1.661,1.29,1.324
0.17,0.227,1.842,0.134,1.657,1.256,1.322
0.169,0.227,1.842,0.134,1.659,1.256,1.319
0.169,0.228,1.838,0.136,1.657,1.222,1.284
0.168,0.228,1.838,0.137,1.658,1.188,1.288
0.167,0.228,1.834,0.138,1.654,1.157,1.288
0.167,0.228,1.835,0.138,1.655,1.157,1.299
0.166,0.229,1.831,0.14,1.653,1.128,1.267
0.165,0.229,1.831,0.141,1.654,1.1,1.292
0.164,0.229,1.826,0.141,1.65,1.1,1.278
0.164,0.23,1.827,0.142,1.653,1.075,1.274
0.163,0.23,1.822,0.144,1.649,1.051,1.268
0.162,0.231,1.823,0.145,1.651,1.031,1.286
0.162,0.231,1.818,0.145,1.647,1.031,1.282
0.161,0.231,1.819,0.146,1.65,1.013,1.279
0.16,0.232,1.814,0.148,1.645,0.996,1.283
0.159,0.232,1.815,0.148,1.648,0.996,1.289
0.159,0.232,1.81,0.149,1.645,0.981,1.273
0.158,0.232,1.811,0.151,1.647,0.967,1.288
0.157,0.232,1.806,0.151,1.643,0.967,1.281
0.157,0.233,1.807,0.153,1.647,0.955,1.279
0.156,0.233,1.802,0.155,1.642,0.943,1.278
0.155,0.233,1.803,0.155,1.645,0.943,1.282
0.155,0.234,1.799,0.157,1.642,0.933,1.267
0.154,0.235,1.8,0.16,1.645,0.922,1.272
0.153,0.236,1.794,0.162,1.64,0.912,1.266
0.153,0.236,1.795,0.162,1.642,0.912,1.274
0.152,0.237,1.791,0.165,1.64,0.902,1.256
0.151,0.239,1.792,0.169,1.641,0.894,1.269
0.151,0.239,1.786,0.169,1.636,0.894,1.254
0.15,0.24,1.788,0.173,1.64,0.884,1.26
0.149,0.24,1.781,0.173,1.634,0.884,1.247
0.149,0.242,1.784,0.177,1.641,0.875,1.246
0.148,0.245,1.777,0.182,1.633,0.868,1.238
0.147,0.245,1.779,0.182,1.636,0.868,1.24
0.147,0.247,1.773,0.187,1.633,0.859,1.221
0.146,0.25,1.773,0.193,1.633,0.852,1.23
0.146,0.25,1.766,0.193,1.626,0.852,1.214
0.145,0.254,1.769,0.2,1.634,0.845,1.214
0.144,0.257,1.758,0.207,1.621,0.838,1.201
0.144,0.257,1.76,0.207,1.624,0.838,1.204
0.143,0.262,1.751,0.215,1.616,0.831,1.184
0.142,0.262,1.751,0.215,1.617,0.831,1.189
0.142,0.266,1.744,0.223,1.613,0.825,1.163
0.141,0.27,1.742,0.231,1.609,0.819,1.17
0.141,0.27,1.731,0.231,1.598,0.819,1.146
0.14,0.275,1.734,0.24,1.605,0.813,1.146
0.139,0.28,1.718,0.25,1.585,0.806,1.123
0.139,0.28,1.718,0.25,1.586,0.806,1.129
0.138,0.285,1.703,0.259,1.571,0.802,1.098
0.138,0.285,1.702,0.259,1.569,0.802,1.102
0.137,0.29,1.689,0.269,1.559,0.797,1.062
0.136,0.295,1.683,0.279,1.55,0.794,1.07
0.136,0.295,1.664,0.279,1.531,0.794,1.025
0.135,0.3,1.662,0.289,1.528,0.789,1.029
0.135,0.3,1.637,0.289,1.501,0.789,0.977
0.134,0.305,1.636,0.299,1.501,0.786,0.98
0.133,0.305,1.603,0.299,1.464,0.786,0.91
0.133,0.31,1.605,0.309,1.471,0.781,0.909
0.132,0.314,1.556,0.32,1.414,0.775,0.816
0.132,0.314,1.556,0.32,1.413,0.775,0.819
0.131,0.318,1.482,0.331,1.331,0.77,0.656
0.131,0.318,1.479,0.331,1.326,0.77,0.66
0.13,0.322,1.273,0.341,1.106,0.764,0.181
